<?xml version = '1.0' encoding = 'UTF-8'?>
<Entity class="oracle.dbtools.crest.model.design.logical.Entity" directorySegmentName="seg_0" id="4257DAE3-0F94-E77E-4A8B-B623B8F893E8" name="PRODUCT">
<createdBy>Nicol Foo</createdBy>
<createdTime>2023-04-03 03:48:50 UTC</createdTime>
<ownerDesignName>cust_order</ownerDesignName>
<engineerTo>
<item key="63FDC9C6-839C-05AB-5457-3E4BB34715EF" value="true"/>
</engineerTo>
<adequatelyNormalized>NO</adequatelyNormalized>
<expectedVolumes>0</expectedVolumes>
<fwdEngineeringStrategyName>Single Table</fwdEngineeringStrategyName>
<growthPercent>0</growthPercent>
<growthType>Year</growthType>
<maxVolumes>9999999</maxVolumes>
<minVolumes>0</minVolumes>
<normalForm>Third</normalForm>
<attributes itemClass="oracle.dbtools.crest.model.design.logical.Attribute">
<Attribute name="prod_no" id="7BEDA283-1340-CAFA-A786-7DC7E8AD8F03">
<createdBy>Nicol Foo</createdBy>
<createdTime>2023-04-03 03:49:07 UTC</createdTime>
<commentInRDBMS><![CDATA[product number]]></commentInRDBMS>
<ownerDesignName>cust_order</ownerDesignName>
<engineerTo>
<item key="63FDC9C6-839C-05AB-5457-3E4BB34715EF" value="true"/>
</engineerTo>
<useDomainConstraints>false</useDomainConstraints>
<use>1</use>
<logicalDatatype>LOGDT019</logicalDatatype>
<dataTypePrecision>7</dataTypePrecision>
<ownDataTypeParameters>,7,</ownDataTypeParameters>
</Attribute>
<Attribute name="prod_desc" id="29BB8394-CAD8-990F-C03B-D604F2B1442B">
<createdBy>Nicol Foo</createdBy>
<createdTime>2023-04-03 03:49:08 UTC</createdTime>
<commentInRDBMS><![CDATA[product description]]></commentInRDBMS>
<ownerDesignName>cust_order</ownerDesignName>
<engineerTo>
<item key="63FDC9C6-839C-05AB-5457-3E4BB34715EF" value="true"/>
</engineerTo>
<useDomainConstraints>false</useDomainConstraints>
<use>1</use>
<logicalDatatype>LOGDT024</logicalDatatype>
<dataTypeSize>50</dataTypeSize>
<ownDataTypeParameters>50,,</ownDataTypeParameters>
</Attribute>
<Attribute name="prod_unitprice" id="3A68C794-C3E6-3BDA-E79E-96092D9AD9E4">
<createdBy>Nicol Foo</createdBy>
<createdTime>2023-04-03 03:49:08 UTC</createdTime>
<commentInRDBMS><![CDATA[product unit price]]></commentInRDBMS>
<ownerDesignName>cust_order</ownerDesignName>
<engineerTo>
<item key="63FDC9C6-839C-05AB-5457-3E4BB34715EF" value="true"/>
</engineerTo>
<useDomainConstraints>false</useDomainConstraints>
<use>1</use>
<logicalDatatype>LOGDT019</logicalDatatype>
<dataTypePrecision>7</dataTypePrecision>
<dataTypeScale>2</dataTypeScale>
<ownDataTypeParameters>,7,2</ownDataTypeParameters>
</Attribute>
<Attribute name="pcat_id" id="11A33DCE-0B70-BA4C-24E2-8147857C009F">
<createdBy>Nicol Foo</createdBy>
<createdTime>2023-04-03 04:13:18 UTC</createdTime>
<commentInRDBMS><![CDATA[product category id]]></commentInRDBMS>
<generatorID>D73244D8-0961-73BE-FED1-B413191A50B3</generatorID>
<ownerDesignName>cust_order</ownerDesignName>
<engineerTo>
<item key="63FDC9C6-839C-05AB-5457-3E4BB34715EF" value="true"/>
</engineerTo>
<referedAttribute>BBA9DE6A-5E42-C28F-4582-A659DE0434CF</referedAttribute>
<useDomainConstraints>false</useDomainConstraints>
<use>1</use>
<logicalDatatype>LOGDT019</logicalDatatype>
<dataTypePrecision>4</dataTypePrecision>
<ownDataTypeParameters>,,</ownDataTypeParameters>
</Attribute>
</attributes>
<identifiers itemClass="oracle.dbtools.crest.model.design.logical.CandidateKey">
<identifier id="0A8204EC-C4FA-BF29-6B35-FA978F2B8EF0" name="PRODUCT PK">
<createdBy>Nicol Foo</createdBy>
<createdTime>2023-04-03 03:49:18 UTC</createdTime>
<ownerDesignName>cust_order</ownerDesignName>
<engineerTo>
<item key="63FDC9C6-839C-05AB-5457-3E4BB34715EF" value="true"/>
</engineerTo>
<pk>true</pk>
<usedAttributes>
<attributeRef>7BEDA283-1340-CAFA-A786-7DC7E8AD8F03</attributeRef>
</usedAttributes>
</identifier>
</identifiers>
</Entity>
