<?xml version = '1.0' encoding = 'UTF-8'?>
<Entity class="oracle.dbtools.crest.model.design.logical.Entity" directorySegmentName="seg_0" id="9C6A3DFC-63A6-5C45-9776-74E7D1BE6483" name="ORDERS">
<createdBy>Nicol Foo</createdBy>
<createdTime>2023-04-03 03:34:03 UTC</createdTime>
<ownerDesignName>cust_order</ownerDesignName>
<engineerTo>
<item key="63FDC9C6-839C-05AB-5457-3E4BB34715EF" value="true"/>
</engineerTo>
<adequatelyNormalized>NO</adequatelyNormalized>
<expectedVolumes>0</expectedVolumes>
<fwdEngineeringStrategyName>Single Table</fwdEngineeringStrategyName>
<growthPercent>0</growthPercent>
<growthType>Year</growthType>
<maxVolumes>9999999</maxVolumes>
<minVolumes>0</minVolumes>
<normalForm>Third</normalForm>
<attributes itemClass="oracle.dbtools.crest.model.design.logical.Attribute">
<Attribute name="order_no" id="A96B3BF2-9255-0D78-46A2-2A4E812016C0">
<createdBy>Nicol Foo</createdBy>
<createdTime>2023-04-03 03:34:18 UTC</createdTime>
<commentInRDBMS><![CDATA[order number]]></commentInRDBMS>
<ownerDesignName>cust_order</ownerDesignName>
<engineerTo>
<item key="63FDC9C6-839C-05AB-5457-3E4BB34715EF" value="true"/>
</engineerTo>
<useDomainConstraints>false</useDomainConstraints>
<use>1</use>
<logicalDatatype>LOGDT019</logicalDatatype>
<dataTypePrecision>7</dataTypePrecision>
<ownDataTypeParameters>,7,</ownDataTypeParameters>
</Attribute>
<Attribute name="order_date" id="584C5F46-FE4F-9F21-DE90-703218824F51">
<createdBy>Nicol Foo</createdBy>
<createdTime>2023-04-03 03:34:18 UTC</createdTime>
<commentInRDBMS><![CDATA[order date]]></commentInRDBMS>
<ownerDesignName>cust_order</ownerDesignName>
<engineerTo>
<item key="63FDC9C6-839C-05AB-5457-3E4BB34715EF" value="true"/>
</engineerTo>
<useDomainConstraints>false</useDomainConstraints>
<use>1</use>
<logicalDatatype>LOGDT007</logicalDatatype>
<ownDataTypeParameters>,,</ownDataTypeParameters>
</Attribute>
<Attribute name="cust_no" id="A36DC5B6-FFD6-D7F4-67C4-A1BC3CAECD7F">
<createdBy>Nicol Foo</createdBy>
<createdTime>2023-04-03 04:11:25 UTC</createdTime>
<commentInRDBMS><![CDATA[customer number]]></commentInRDBMS>
<generatorID>659E1A7B-3734-0C46-FBF0-B37C9306873D</generatorID>
<ownerDesignName>cust_order</ownerDesignName>
<engineerTo>
<item key="63FDC9C6-839C-05AB-5457-3E4BB34715EF" value="true"/>
</engineerTo>
<referedAttribute>258C8F4E-2465-9C04-CE9D-11D0B3B31E04</referedAttribute>
<useDomainConstraints>false</useDomainConstraints>
<use>1</use>
<logicalDatatype>LOGDT019</logicalDatatype>
<dataTypePrecision>7</dataTypePrecision>
<ownDataTypeParameters>,,</ownDataTypeParameters>
</Attribute>
</attributes>
<identifiers itemClass="oracle.dbtools.crest.model.design.logical.CandidateKey">
<identifier id="38AFF7F1-4668-417B-636F-6044F733B2AE" name="ORDERS PK">
<createdBy>Nicol Foo</createdBy>
<createdTime>2023-04-03 03:34:40 UTC</createdTime>
<ownerDesignName>cust_order</ownerDesignName>
<engineerTo>
<item key="63FDC9C6-839C-05AB-5457-3E4BB34715EF" value="true"/>
</engineerTo>
<pk>true</pk>
<usedAttributes>
<attributeRef>A96B3BF2-9255-0D78-46A2-2A4E812016C0</attributeRef>
</usedAttributes>
</identifier>
</identifiers>
</Entity>
