<?xml version = '1.0' encoding = 'UTF-8'?>
<Diagram class="oracle.dbtools.crest.swingui.logical.DPVLogical" name="Logical" id="C374F204-07E4-D1ED-9753-87217D72962C">
<createdBy>kfoo0012</createdBy>
<modifiedBy>Nicol Foo</modifiedBy>
<createdTime>2023-04-03 03:22:14 UTC</createdTime>
<autoRoute>false</autoRoute>
<boxInbox>true</boxInbox>
<showLegend>true</showLegend>
<showLabels>true</showLabels>
<showRelAttributes>false</showRelAttributes>
<gridEnabled>false</gridEnabled>
<showGrid>false</showGrid>
<diagramColor>-1</diagramColor>
<display>false</display>
<notation>2</notation>
<showAllDetails>false</showAllDetails>
<showElements>true</showElements>
<objectViews>
<OView class="oracle.dbtools.crest.swingui.logical.TVEntity" oid="4257DAE3-0F94-E77E-4A8B-B623B8F893E8" otype="Entity" vid="A2DFAD55-B439-8DF0-89BF-FECB98246379">
<hideElementsInCurrentOnly>false</hideElementsInCurrentOnly>
<bounds x="434" y="199" width="170" height="110"/>
</OView>
<OView class="oracle.dbtools.crest.swingui.TVLegend" oid="6113DC3B-73BF-71C4-3237-C06F4EB3648B" otype="Legend" vid="2925533A-91C1-8C9B-25CE-27AC17C46D94">
<hideElementsInCurrentOnly>false</hideElementsInCurrentOnly>
<bounds x="10" y="10" width="232" height="135"/>
</OView>
<OView class="oracle.dbtools.crest.swingui.logical.TVEntity" oid="9C6A3DFC-63A6-5C45-9776-74E7D1BE6483" otype="Entity" vid="B8D787CA-374D-F6A4-50AB-486093D7D8C6">
<hideElementsInCurrentOnly>false</hideElementsInCurrentOnly>
<bounds x="126" y="391" width="170" height="110"/>
</OView>
<OView class="oracle.dbtools.crest.swingui.logical.TVEntity" oid="BCC23F61-7E52-0A85-6E97-D184EB6C19F0" otype="Entity" vid="45F6E720-E006-CD9C-3CBE-CF2DED37DF71">
<hideElementsInCurrentOnly>false</hideElementsInCurrentOnly>
<bounds x="429" y="6" width="170" height="110"/>
</OView>
<OView class="oracle.dbtools.crest.swingui.logical.TVEntity" oid="D4EB2687-3DCC-588E-F152-537D358B2B7E" otype="Entity" vid="934B12B9-AFB0-2209-60D1-445602710B0D">
<hideElementsInCurrentOnly>false</hideElementsInCurrentOnly>
<bounds x="433" y="390" width="170" height="110"/>
</OView>
<OView class="oracle.dbtools.crest.swingui.logical.TVEntity" oid="FCDB6DE7-FBEE-5A11-8EFE-96D168122360" otype="Entity" vid="8DB37636-3682-0C9F-BD9E-412F10D86FC9">
<hideElementsInCurrentOnly>false</hideElementsInCurrentOnly>
<bounds x="129" y="171" width="170" height="110"/>
</OView>
</objectViews>
<connectors>
<Connector class="oracle.dbtools.crest.swingui.logical.TVRelation" oid="659E1A7B-3734-0C46-FBF0-B37C9306873D" otype="Relation" vid_source="8DB37636-3682-0C9F-BD9E-412F10D86FC9" vid_target="B8D787CA-374D-F6A4-50AB-486093D7D8C6">
<hideElementsInCurrentOnly>false</hideElementsInCurrentOnly>
<backgroundColor>-16777216</backgroundColor>
<lineWidth>1</lineWidth>
<sourceLabel class="oracle.dbtools.crest.model.design.Label">
<site>0</site>
<labelBounds x="212" y="317" width="46" height="30"/>
<noBackgroundColor>true</noBackgroundColor>
<noForegroundColor>true</noForegroundColor>
</sourceLabel>
<targetLabel class="oracle.dbtools.crest.model.design.Label">
<site>2</site>
<labelBounds x="212" y="355" width="18" height="30"/>
<noBackgroundColor>true</noBackgroundColor>
<noForegroundColor>true</noForegroundColor>
</targetLabel>
<points>
<point x="212" y="281"/>
<point x="212" y="391"/>
</points>
</Connector>
<Connector class="oracle.dbtools.crest.swingui.logical.TVRelation" oid="D0517454-5810-E357-1A2B-44E384CCBC90" otype="Relation" vid_source="A2DFAD55-B439-8DF0-89BF-FECB98246379" vid_target="934B12B9-AFB0-2209-60D1-445602710B0D">
<hideElementsInCurrentOnly>false</hideElementsInCurrentOnly>
<backgroundColor>-16777216</backgroundColor>
<lineWidth>1</lineWidth>
<sourceLabel class="oracle.dbtools.crest.model.design.Label">
<site>0</site>
<labelBounds x="518" y="350" width="88" height="27"/>
<noBackgroundColor>true</noBackgroundColor>
<noForegroundColor>true</noForegroundColor>
</sourceLabel>
<targetLabel class="oracle.dbtools.crest.model.design.Label">
<site>2</site>
<labelBounds x="518" y="343" width="19" height="33"/>
<noBackgroundColor>true</noBackgroundColor>
<noForegroundColor>true</noForegroundColor>
</targetLabel>
<points>
<point x="518" y="309"/>
<point x="518" y="390"/>
</points>
</Connector>
<Connector class="oracle.dbtools.crest.swingui.logical.TVRelation" oid="D73244D8-0961-73BE-FED1-B413191A50B3" otype="Relation" vid_source="A2DFAD55-B439-8DF0-89BF-FECB98246379" vid_target="45F6E720-E006-CD9C-3CBE-CF2DED37DF71">
<hideElementsInCurrentOnly>false</hideElementsInCurrentOnly>
<backgroundColor>-16777216</backgroundColor>
<lineWidth>1</lineWidth>
<sourceLabel class="oracle.dbtools.crest.model.design.Label">
<site>0</site>
<labelBounds x="516" y="144" width="64" height="30"/>
<noBackgroundColor>true</noBackgroundColor>
<noForegroundColor>true</noForegroundColor>
</sourceLabel>
<targetLabel class="oracle.dbtools.crest.model.design.Label">
<site>2</site>
<labelBounds x="516" y="152" width="18" height="30"/>
<noBackgroundColor>true</noBackgroundColor>
<noForegroundColor>true</noForegroundColor>
</targetLabel>
<points>
<point x="516" y="180"/>
<point x="516" y="116"/>
</points>
</Connector>
<Connector class="oracle.dbtools.crest.swingui.logical.TVRelation" oid="FBC200DE-BCEA-2082-8E4E-1176A2667F75" otype="Relation" vid_source="934B12B9-AFB0-2209-60D1-445602710B0D" vid_target="B8D787CA-374D-F6A4-50AB-486093D7D8C6">
<hideElementsInCurrentOnly>false</hideElementsInCurrentOnly>
<backgroundColor>-16777216</backgroundColor>
<lineWidth>1</lineWidth>
<sourceLabel class="oracle.dbtools.crest.model.design.Label">
<site>0</site>
<labelBounds x="371" y="428" width="56" height="17"/>
<noBackgroundColor>true</noBackgroundColor>
<noForegroundColor>true</noForegroundColor>
</sourceLabel>
<targetLabel class="oracle.dbtools.crest.model.design.Label">
<site>2</site>
<labelBounds x="306" y="448" width="18" height="30"/>
<noBackgroundColor>true</noBackgroundColor>
<noForegroundColor>true</noForegroundColor>
</targetLabel>
<points>
<point x="433" y="445"/>
<point x="296" y="445"/>
</points>
</Connector>
</connectors>
</Diagram>
