<?xml version = '1.0' encoding = 'UTF-8'?>
<Table class="oracle.dbtools.crest.model.design.relational.Table" directorySegmentName="seg_0" id="77E1B7E7-C6D1-2776-946A-5FADE9BEC238" name="PROD_CATEGORY">
<createdBy>Nicol Foo</createdBy>
<createdTime>2023-04-03 04:38:48 UTC</createdTime>
<generatorID>BCC23F61-7E52-0A85-6E97-D184EB6C19F0</generatorID>
<ownerDesignName>cust_order</ownerDesignName>
<allowColumnReorder>false</allowColumnReorder>
<existDependencyGenerateInDDl>true</existDependencyGenerateInDDl>
<parsed>true</parsed>
<columns itemClass="oracle.dbtools.crest.model.design.relational.Column">
<Column name="pcat_id" id="5CBFC07A-5553-5ECC-E156-D547EEA1ADFF">
<createdBy>Nicol Foo</createdBy>
<createdTime>2023-04-03 04:38:48 UTC</createdTime>
<commentInRDBMS><![CDATA[product category id]]></commentInRDBMS>
<generatorID>BBA9DE6A-5E42-C28F-4582-A659DE0434CF</generatorID>
<ownerDesignName>cust_order</ownerDesignName>
<useDomainConstraints>false</useDomainConstraints>
<use>1</use>
<logicalDatatype>LOGDT019</logicalDatatype>
<dataTypePrecision>4</dataTypePrecision>
<ownDataTypeParameters>,4,</ownDataTypeParameters>
<autoIncrementCycle>false</autoIncrementCycle>
</Column>
<Column name="pcat_name" id="334AACD7-876C-3F14-ECCF-397253BC04E9">
<createdBy>Nicol Foo</createdBy>
<createdTime>2023-04-03 04:38:48 UTC</createdTime>
<commentInRDBMS><![CDATA[product category name]]></commentInRDBMS>
<generatorID>7C482ECA-5CEA-1600-5492-A60C639FFF2C</generatorID>
<ownerDesignName>cust_order</ownerDesignName>
<useDomainConstraints>false</useDomainConstraints>
<use>1</use>
<logicalDatatype>LOGDT024</logicalDatatype>
<dataTypeSize>50</dataTypeSize>
<ownDataTypeParameters>50,,</ownDataTypeParameters>
<autoIncrementCycle>false</autoIncrementCycle>
</Column>
</columns>
<indexes itemClass="oracle.dbtools.crest.model.design.relational.Index">
<ind_PK_UK id="CAA1B15D-84CD-183A-DF55-3F8A15EE718D" name="PROD_CATEGORY_PK">
<createdBy>Nicol Foo</createdBy>
<createdTime>2023-04-03 04:38:48 UTC</createdTime>
<generatorID>64EF2403-8466-43EE-AA7B-818C4DAB31D5</generatorID>
<ownerDesignName>cust_order</ownerDesignName>
<pk>true</pk>
<indexState>Primary Constraint</indexState>
<isSurrogateKey>false</isSurrogateKey>
<indexColumnUsage>
<colUsage columnID="5CBFC07A-5553-5ECC-E156-D547EEA1ADFF"/>
</indexColumnUsage>
</ind_PK_UK>
</indexes>
</Table>
