<?xml version = '1.0' encoding = 'UTF-8'?>
<relationalModel class="oracle.dbtools.crest.model.design.relational.RelationalDesign" name="Relational_1" id="63FDC9C6-839C-05AB-5457-3E4BB34715EF" mainViewID="59D1370C-6AA3-270D-518E-FD395235CB3F">
<createdBy>Nicol Foo</createdBy>
<createdTime>2023-04-03 03:17:38 UTC</createdTime>
<ownerDesignName>cust_order</ownerDesignName>
<shouldBeOpen>false</shouldBeOpen>
<selectedRDBMSSite>32076570-2523-435C-2E92-BF29817DFF70</selectedRDBMSSite>
</relationalModel>